epoch,step,train_loss
0,52,105.14315899546189
1,105,45.85939529695232
2,158,8.055326841962632
