epoch,step,train_loss
0,52,156.59813663564535
1,105,139.89009453931814
2,158,69.58292315801052
